backbone_id,sample_id,matched_CA_atom_count,global_ca_rmsd_A,global_backbone_rmsd_after_CA_fit_A,pocket_ca_rmsd_after_CA_fit_A,pocket_backbone_rmsd_after_CA_fit_A,ref_ca_rg_A,pred_ca_rg_A,delta_ca_rg_A,projected_min_protein_ligand_distance_A,projected_delta_ligand_clash_pair_count,projected_ligand_clash_pair_count_backbone,projected_ligand_clash_pair_count_sidechain,reference_contact_position_count,projected_contact_position_count,projected_contact_recovery_percent,projected_new_contact_percent,reference_hydrophobic_C_contact_pair_count,projected_hydrophobic_C_contact_pair_count,pred_mean_CA_Bfactor,pred_pocket_mean_CA_Bfactor
buried_0_model_4,1,80,0.8387,0.8425,0.9567,0.9358,11.1546,11.0973,-0.0573,2.1468,0,0,0,13,13,84.6154,15.3846,21,50,0.8887,0.886
buried_0_model_4,2,80,0.4709,0.4772,0.42,0.3881,11.1546,11.0635,-0.0911,1.2703,2,0,2,13,14,92.3077,14.2857,21,69,0.9129,0.9164
buried_0_model_4,3,80,1.1824,1.182,1.3821,1.3482,11.1546,11.0779,-0.0767,1.5482,2,0,2,13,12,76.9231,16.6667,21,63,0.8855,0.8801
buried_0_model_4,4,80,0.6851,0.6828,0.7721,0.7186,11.1546,11.109,-0.0456,1.8562,1,0,1,13,13,84.6154,15.3846,21,46,0.8711,0.8677
buried_0_model_4,5,80,0.5783,0.5876,0.6187,0.5951,11.1546,11.0892,-0.0654,2.8296,0,0,0,13,14,92.3077,14.2857,21,39,0.8836,0.8816
buried_0_model_4,6,80,0.9643,0.9616,1.1716,1.1464,11.1546,11.0599,-0.0947,1.6362,1,0,1,13,13,84.61538462,15.38461538,21,61,0.8909,0.8876
buried_0_model_4,7,80,1.1498,1.0781,1.0613,1.012,11.1546,11.1771,0.0225,1.5688,2,0,2,13,11,76.9231,9.0909,21,44,0.8438,0.8424
buried_0_model_4,8,80,0.456,0.467,0.4308,0.393,11.1546,11.0573,-0.0973,2.0018,0,0,0,13,13,92.3077,7.6923,21,35,0.9107,0.9119
buried_0_model_4,9,80,1.3904,1.3768,1.4961,1.4596,11.1546,11.1339,-0.0207,1.6494,2,0,2,13,11,76.9231,9.0909,21,60,0.871,0.8634
buried_0_model_4,10,80,0.8833,0.8823,1.07,1.0389,11.1546,11.005,-0.1496,1.445,1,0,1,13,14,92.3077,14.2857,21,59,0.895,0.8948
